"","dd.p","mlr.p","mlr.v2.p","fisher.p","binom.p","lr.p","dd.fdr","mlr.fdr","mlr.v2.fdr","fisher.fdr","binom.fdr","lr.fdr","mut.E1","mut.E0","E1","E0","gene","mode","alpha","significant","tumor","pheno"
"CASP8","0.00209293309894018","0.0115730776955958","0.00680303690260825","0.0106184314397135","0.00931925376837438","0.017480773416363","0.023022264088342","0.0763823127909324","0.0561250544465181","0.116270175491836","0.102511791452118","0.150032488270514","4","41","122","361","CASP8","sig","-2.677811643193634","true","HNSC","C1"
"EP300","0.000600970724440975","0.00848086714440141","0.00581797950153513","0.01044693831862","0.00821834816392621","0.0190084510953076","0.00991601695327608","0.0763823127909324","0.0561250544465181","0.116270175491836","0.102511791452118","0.150032488270514","2","31","122","361","EP300","sig","-4.040225655132718","true","HNSC","C1"
"HLA-B","0.00776830895978308","0.0336454433693858","0.0152421868654083","0.027709556662466","0.0172078227851718","0.981397294248262","0.0640885489182104","0.156854624725274","0.100598433311695","0.14441213926073","0.113571630382134","0.986446096556647","0","15","122","361","HLA-B","sig","-2.80058814066268","true","HNSC","C1"
"HRAS","0.000306402879390011","0.00523398174817988","0.00474388617707907","0.00221075049129188","0.00174480382580342","0.0232881699187512","0.00991601695327608","0.0763823127909324","0.0561250544465181","0.072954766212632","0.057578526251513","0.150032488270514","1","31","122","361","HRAS","sig","-2.39707745033759","true","HNSC","C1"
"SMARCA4","0.0119699798975477","0.00251503947111036","0.00381821002327958","0.014093354605071","0.0135691412848848","0.00483465537221911","0.0790018673238151","0.0763823127909324","0.0561250544465181","0.116270175491836","0.111945415600299","0.150032488270514","10","9","122","361","SMARCA4","sig","2.336926697242199","true","HNSC","C1"
"KRAS","0.00712361094968347","0.0000391351179128066","0.0000430750426965111","0.0711463504293045","0.0543346290369016","0.00835367138456216","0.0284944437987339","0.000156540471651226","0.000172300170786044","0.284585401717218","0.217338516147606","0.0334146855382486","1","4","3","267","KRAS","sig","4.317289491848933","true","KIRP","C1"
"KIT","0.0000218676463432723","0.00103832104126486","0.00135046142364446","0.00132211600279045","0.000809446416492452","0.989522224649423","0.000065602939029817","0.00311496312379457","0.00405138427093339","0.00396634800837135","0.00242833924947736","0.989522224649423","0","24","41","106","KIT","sig","-4.650643888297103","true","TGCT","C1"
"KRAS1","0.00422808351208547","0.0315216516677333","0.0467898161418981","0.0742597782630785","0.0546500715359008","0.0612658738913822","0.00634212526812821","0.0472824775015999","0.0701847242128472","0.111389667394618","0.0819751073038512","0.183797621674147","1","16","41","106","KRAS","sig","-3.034302532860159","true","TGCT","C1"
"NRAS","0.04319716904357","0.121476627124437","0.17414478396736","0.192791515421555","0.19555492285855","0.987233813847213","0.04319716904357","0.121476627124437","0.17414478396736","0.192791515421555","0.19555492285855","0.989522224649423","0","6","41","106","NRAS","sig","-2.827773919420259","true","TGCT","C1"
"CTNNB1","0.00374282585214335","0.000133481834949291","0.0000262429465719579","0.00539142881446725","0.00142732490838079","0.000216796326529447","0.074856517042867","0.00533927339797165","0.00104971786287832","0.21565715257869","0.0570929963352315","0.00867185306117789","46","22","107","116","CTNNB1","sig","1.01825836142742","true","UCEC","C1"
"TP53","0.00195926599291842","0.00440985272829698","0.00736402213188362","0.0212862212649093","0.0125924891420734","0.0053331556989203","0.074856517042867","0.0881970545659397","0.147280442637672","0.425724425298187","0.251849782841468","0.106663113978406","16","37","107","116","TP53","sig","-1.220428165810219","true","UCEC","C1"
"FGFR3","0.0000726872129289936","0.000152899530386585","0.000247339510665312","0.00048747433521567","0.000258946377563287","0.000353860457653673","0.0045792944145266","0.00963267041435482","0.0155823891719147","0.0307108831185872","0.0163136217864871","0.0222932088321814","11","47","160","216","FGFR3","sig","-1.586218051533108","true","BLCA","C2"
"CDH1","0.00175037856767222","0.014633288278749","0.00651196375756692","0.0220749630045657","0.0179844400580963","0.0175319739484762","0.0196957700661188","0.0692040654355727","0.0781740071258984","0.107050323836329","0.0899222002904814","0.111050973059411","10","40","336","594","CDH1","sig","-2.455840355331439","true","BRCA","C2"
"CTCF","0.00315132321057901","0.0229032503382559","0.0278404238059991","0.0242190385118067","0.0245829590597024","0.0524841684217316","0.0196957700661188","0.0817973226366281","0.0870013243937473","0.107050323836329","0.102428996082093","0.187443458649042","1","13","336","594","CTCF","sig","-3.361494984397777","true","BRCA","C2"
"FBXW7","0.0304564073525367","0.00892293262622056","0.021075140985281","0.0141179392495037","0.013574246046462","0.0222101946118823","0.0951762729766773","0.0692040654355727","0.0870013243937473","0.107050323836329","0.0899222002904814","0.111050973059411","7","2","336","594","FBXW7","sig","2.621648379283371","true","BRCA","C2"
"FOXA1","0.0026987205005566","0.0166089757045375","0.0093808808551078","0.025692077720719","0.015170963793732","0.0439183131862764","0.0196957700661188","0.0692040654355727","0.0781740071258984","0.107050323836329","0.0899222002904814","0.182992971609485","1","14","336","594","FOXA1","sig","-3.12876375085292","true","BRCA","C2"
"GATA3","0.0119263860901712","0.0326610882954654","0.0239450514686133","0.0562845054361571","0.0574967565205476","0.976728817048938","0.0596319304508558","0.102065900923329","0.0870013243937473","0.175889079487991","0.179677364126711","0.976728817048938","0","8","336","594","GATA3","sig","-3.354830761419146","true","BRCA","C2"
"KRAS3","0.0287557201704698","0.0919286474891708","0.112807406605897","0.166179899578132","0.166864413632105","0.971700748369924","0.0951762729766773","0.20892874429357","0.235015430428952","0.319576729957947","0.320893103138664","0.976728817048938","0","5","336","594","KRAS","sig","-3.098708964162284","true","BRCA","C2"
"MAP3K1","0.0282628477718014","0.114254553639329","0.124399054274908","0.0961675961957088","0.100504241328072","0.122865619910416","0.0951762729766773","0.211597374219449","0.239228950528669","0.2415681955252","0.242833241212489","0.29852362925256","5","21","336","594","MAP3K1","sig","-1.194773941492379","true","BRCA","C2"
"PIK3CA","0.000139683823083933","0.015459888537569","0.0154805544754546","0.0561695458270533","0.0306156913848723","0.0157330737018888","0.00349209557709834","0.0692040654355727","0.0870013243937473","0.175889079487991","0.109341754945972","0.111050973059411","96","222","336","594","PIK3CA","sig","-1.754805319439586","true","BRCA","C2"
"CASP81","0.00598490120932591","0.0205707050729188","0.0140110650304084","0.0201424121120371","0.0174414388007407","0.0265134491685244","0.0561892142342004","0.0969761810580458","0.0611055252894629","0.0895662127225115","0.0814148399024016","0.124991974651615","40","5","355","128","CASP8","sig","2.287753383184232","true","HNSC","C2"
"CUL3","0.0187742209139293","0.0027660559236418","0.0044508200622173","0.00746326780886763","0.00639138346603183","0.00586115108300327","0.088507041451381","0.0359286133292554","0.0367192655132927","0.0615719594231579","0.0527289135947626","0.095279674121842","6","9","355","128","CUL3","sig","-2.767932459997885","true","HNSC","C2"
"EP3001","0.000410724149302816","0.0057772222788011","0.00425846058657166","0.00640432519173736","0.00506531236146809","0.0148018983541927","0.00677694846349647","0.0381296670400872","0.0367192655132927","0.0615719594231579","0.0527289135947626","0.107730917244282","31","2","355","128","EP300","sig","4.156073440008168","true","HNSC","C2"
"GPATCH8","0.0179135151533177","0.00167686916981784","0.00255542767895895","0.00638434658215657","0.00580369316931512","0.00866178855653109","0.088507041451381","0.0359286133292554","0.0367192655132927","0.0615719594231579","0.0527289135947626","0.095279674121842","2","6","355","128","GPATCH8","sig","-3.509119077266043","true","HNSC","C2"
"HLA-B1","0.00681081384656975","0.0281950183225754","0.0148134606762334","0.0152763611019025","0.0162591379301325","0.981318906445024","0.0561892142342004","0.116304450580624","0.0611055252894629","0.0895662127225115","0.0814148399024016","0.981318906445024","15","0","355","128","HLA-B","sig","2.869538538967499","true","HNSC","C2"
"HRAS1","0.000231247196955398","0.00365458850057166","0.0033941815662035","0.00128638585466299","0.00101297186812182","0.0195874394989603","0.00677694846349647","0.0359286133292554","0.0367192655132927","0.0424507332038786","0.0334280716480199","0.107730917244282","31","1","355","128","HRAS","sig","2.432199096514018","true","HNSC","C2"
"SMARCA41","0.0149174317059956","0.00435498343384914","0.00592423098536504","0.0178746468563096","0.016533850997427","0.00741388204961706","0.088507041451381","0.0359286133292554","0.0390999245034093","0.0895662127225115","0.0814148399024016","0.095279674121842","9","10","355","128","SMARCA4","sig","-2.234977959547177","true","HNSC","C2"
"KRAS11","0.00431519311940497","0.0059174331542048","0.00447998787001235","0.0473839003062421","0.0235554745972777","0.00649198783903609","0.0819886692686944","0.037477076643297","0.0425598847651174","0.300098035272867","0.149184672449426","0.0411159229805619","29","102","132","287","KRAS","sig","-1.382555406834519","true","LUAD","C2"
"KIT1","0.0000174132247144228","0.0005526615680254","0.000722428934962005","0.000671594792803239","0.000415946550177422","0.989459205159457","0.0000522396741432685","0.0016579847040762","0.00216728680488602","0.00201478437840972","0.00124783965053227","0.989459205159457","24","0","103","44","KIT","sig","5.038135240849078","true","TGCT","C2"
"KRAS2","0.00467485026659772","0.0212333335944135","0.0304269896939914","0.0427707352508543","0.0320199900602918","0.048365927211508","0.00701227539989657","0.0318500003916203","0.0456404845409871","0.0641561028762815","0.0480299850904378","0.145097781634524","16","1","103","44","KRAS","sig","3.1691650940488","true","TGCT","C2"
"NRAS1","0.0390927776333411","0.10348948734067","0.142138259331101","0.182821754768234","0.188267980212925","0.987151498219222","0.0390927776333411","0.10348948734067","0.142138259331101","0.182821754768234","0.188267980212925","0.989459205159457","6","0","103","44","NRAS","sig","2.878139189808814","true","TGCT","C2"
"CTNNB11","0.0000364910238131761","0.0000106929555983714","0.00000340543760936036","0.00095381923548798","0.000207293475898408","0.0000612741463209398","0.00119079299416074","0.000213859111967427","0.0000681087521872071","0.0190763847097596","0.00414586951796817","0.0012254829264188","8","60","71","152","CTNNB1","sig","-1.715221839206206","true","UCEC","C2"
"TP532","0.0000595396497080369","5.08994393289881e-7","6.59649137269761e-7","0.000448463700534052","0.0000821269071709347","0.00000262909524761577","0.00119079299416074","0.0000203597757315952","0.0000263859654907904","0.0179385480213621","0.00328507628683739","0.000105163809904631","31","22","71","152","TP53","sig","1.584634606376209","true","UCEC","C2"
"CBFB","0.00316609724204352","0.00287184188249004","0.0027783509070945","0.0109331579810939","0.010188835431788","0.00687422218655188","0.019788107762772","0.0179490117655627","0.0173646931693406","0.091109649842449","0.084906961931567","0.0429638886659492","6","6","163","767","CBFB","sig","2.73503461316733","true","BRCA","C3"
"CDH11","0.00100792338453635","0.00161170821996775","0.000530835268919392","0.00741365701978915","0.00453738200066681","0.00228752706468838","0.00847818432113422","0.0134309018330646","0.0066354408614924","0.091109649842449","0.0567172750083351","0.0190627255390698","17","33","163","767","CDH1","sig","2.857010793085279","true","BRCA","C3"
"PIK3CA1","0.00101738211853611","0.0012052226352527","0.00117909444417044","0.0379459410438451","0.0146651295210674","0.00133860875096255","0.00847818432113422","0.0134309018330646","0.00982578703475371","0.237162131524032","0.091657059506671","0.0167326093870319","73","245","163","767","PIK3CA","sig","2.127186232591373","true","BRCA","C3"
"TP533","6.45418629178919e-7","1.94504013184566e-10","6.577854577782011e-9","4.21587858545664e-9","1.2798336019975e-10","4.76197743209984e-8","0.000016135465729473","4.862600329614151e-9","1.6444636444455e-7","1.05396964636416e-7","3.19958400499376e-9","0.00000119049435802496","8","219","163","767","TP53","sig","-5.229386283993301","true","BRCA","C3"
"CUL31","0.0452526967311621","0.0218394002603494","0.0220738227910918","0.12205787670173","0.0665555469444096","0.0360542688869555","0.0905053934623243","0.0436788005206988","0.0441476455821837","0.24411575340346","0.133111093888819","0.097764093941979","4","5","197","73","CUL3","sig","-1.925161257918813","true","KIRP","C3"
"MET","0.0325240526300701","0.0210729561211758","0.0203229678853115","0.0314783724307287","0.0229051058592207","0.0488820469709895","0.0905053934623243","0.0436788005206988","0.0441476455821837","0.125913489722915","0.0916204234368828","0.097764093941979","19","1","197","73","MET","sig","2.018607149033977","true","KIRP","C3"
"BAP1","0.027058223969431","0.0293247898067871","0.0243098726205514","0.047343962430141","0.0461600529666944","0.0431903767397459","0.0947037838930083","0.13684901909834","0.11344607222924","0.165703868505494","0.16156018538343","0.201555091452147","7","3","129","218","BAP1","sig","2.452330179940585","true","LIHC","C3"
"CTNNB12","0.005812535548605","0.00111591906806764","0.00152704816790192","0.00625683329652999","0.00228105431013456","0.00143768853889548","0.0347969813581386","0.00781143347647348","0.0106893371753134","0.0437978330757099","0.0159673801709419","0.0100638197722683","20","71","129","218","CTNNB1","sig","-2.622945480172421","true","LIHC","C3"
"NFE2L2","0.00745649600531541","0.0639082658952675","0.0754698455734178","0.0248814586347145","0.0242546786048917","0.0804929992770772","0.0347969813581386","0.223678930633436","0.259955782406555","0.116113473628668","0.113188500156161","0.28172549746977","8","3","129","218","NFE2L2","sig","2.120877344334951","true","LIHC","C3"
"TP531","0.000107006808079459","0.00000111958227023624","0.00000210764508178761","0.000178112324426985","0.0000284997543279382","0.00000548752895356096","0.00149809531311243","0.0000156741517833073","0.0000295070311450266","0.00249357254197779","0.000398996560591134","0.0000768254053498535","14","72","129","218","TP53","sig","-3.902060459347738","true","LIHC","C3"
"KRAS4","0.000278466845119891","0.019517448836229","0.0116323131437657","0.128733515955536","0.0750094488886375","0.0200263367899609","0.00529087005727794","0.0927078819720876","0.0736713165771828","0.468461025851697","0.285035905776823","0.126833466336419","63","68","169","250","KRAS","sig","1.964024344311186","true","LUAD","C3"
"SMARCA42","0.00477420558281377","0.000612411161828635","0.00636465886541074","0.000255168359672743","0.000191880424907927","0.00262817370892208","0.0453549530367308","0.00581790603737203","0.060464259221402","0.00461299545021176","0.00182286403662531","0.0249676502347598","3","29","169","250","SMARCA4","sig","-2.779575310429848","true","LUAD","C3"
"FOXA11","0.00329719509621309","0.000592507124243738","0.000934151940560195","0.00380986158751107","0.00332638846507944","0.00505825714841537","0.0461607313469833","0.00829509973941233","0.0130781271678427","0.053338062225155","0.0465694385111122","0.0708156000778151","2","6","302","95","FOXA1","sig","-3.281751937484366","true","PRAD","C3"
"FGFR31","0.000291785985656933","3.20003527588029e-7","2.3416980560687e-7","0.000365397223855983","0.0000764362361083068","0.00000481861626898952","0.0183825170963868","0.0000165148480618032","0.0000127637078659562","0.00767334170097565","0.00160516095827444","0.00030357282494634","15","43","32","344","FGFR3","sig","1.956092944980734","true","BLCA","C4"
"KRAS5","0.0013358031073734","5.24280890850895e-7","4.0519707510972e-7","0.000607673780294027","0.000384788645836345","0.0000481442371107008","0.0420777978822622","0.0000165148480618032","0.0000127637078659562","0.00957086203963093","0.00606042117192244","0.00151654346898708","6","7","32","344","KRAS","sig","2.384556675054996","true","BLCA","C4"
"ATG16L1","0.0224148617856315","0.00121584485486676","0.000473143152561075","0.0470588235294117","0.0330578512396694","0.994445223937893","0.0896594471425258","0.00486337941946703","0.0018925726102443","0.188235294117647","0.132231404958678","0.995786560916405","2","0","6","27","ATG16L1","sig","3.491607769713255","true","CHOL","C4"
"CTNNB13","0.000419191937313692","0.0000158513937549861","0.0000256219512318915","0.00094282981573507","0.000191090638893239","0.0000281725603997638","0.00586868712239169","0.000221919512569806","0.00035870731724648","0.013199617420291","0.00267526894450535","0.000394415845596694","58","33","153","194","CTNNB1","sig","3.024172271228398","true","LIHC","C4"